doc_id	inatheque	madelen	lmdmfr	youtube
0	PHD88015112	https://madelen.ina.fr/programme/plaidoyer-pour-un-homme-triste	145	RkD3Zriujso
1	PHZ10003977	https://madelen.ina.fr/programme/minouche	149	J2EF0-EQbX8
2	PHZ10001811		207	MbMHt6T5u_s
3	PHZ12021491	https://madelen.ina.fr/programme/meurtre-a-la-television	83	1esde38zbhA
4	PHZ12021584	https://madelen.ina.fr/programme/une-preuve-damour	92	gPn03J52Qk0
5	PHZ12021658	https://madelen.ina.fr/programme/le-gendarme-du-bout-du-monde	97	VvVtkqd7aF4
6	PHZ12021676	https://madelen.ina.fr/programme/les-monte-en-lair	102	UNdgOk1TXfQ
7	PHZ12021684	https://madelen.ina.fr/programme/le-tir-au-pigeon	104	W3_mE_sItZc
8	PHZ12021768	https://madelen.ina.fr/programme/la-chance-de-benny-morrisson	118	OXGqwVIdYrQ
9	PHZ13020738		136	
10	PHZ13020731		133	
11	PHZ13020739		134	
12	PHD88015108	https://madelen.ina.fr/programme/la-mer-des-voiles-mortes	141	OcMhub2oiJQ
13	PHD88015109	https://madelen.ina.fr/programme/vivent-les-vacances	142	7sb0gseI-h8
14	PHD88015110	https://madelen.ina.fr/programme/le-bonheur-des-uns	143	Lf8iu9HhWdQ
15	PHZ10003975	https://madelen.ina.fr/programme/une-prison-modele	147	LQRci39Bmog
16	PHD88015119	https://madelen.ina.fr/programme/chasse-a-lhomme	152	rrReB0jFv6o
17	PHD88015120	https://madelen.ina.fr/programme/chat-perche	153	4DI8YIHuNbY
18	PHZ12021632		94	
19	PHZ12021794		125	
20	PHZ12021643	https://madelen.ina.fr/programme/crime-imparfait	95	xFcL6_TzoBU
21	PHZ12021659	https://madelen.ina.fr/programme/le-chinois-du-quartier-latin	99	SWW8GUlqgio
22	PHZ12021744	https://madelen.ina.fr/programme/la-fleche-magique	112	_FqwHkFqQNc
23	PHZ12021787	https://madelen.ina.fr/programme/une-vocation	123	POl-t8et3_Y
24	PHZ10001816		210	
25	PHZ12021883		159	
26	PHZ10001783		198	AelFYLLSpyY
27	PHZ13005957		201	8Sp9jmyUADs
28	PHZ10001722	https://madelen.ina.fr/programme/petit-agneau	186	PkmL4jOQdic
29	PHZ10001729	https://madelen.ina.fr/programme/le-pavillon-de-rueil	187	RXmZ-wJzIDY
30	PHZ10001780	https://madelen.ina.fr/programme/nocturne-pour-un-pauvre-diable	197	UXYCvFBDz1E
31	PHZ10001736	https://madelen.ina.fr/programme/hallali	189	AgVDnQ_ymBo
32	PHZ13006409	https://madelen.ina.fr/programme/vive-la-mariee	52	DagCQhdiXCs
33	PHZ12021593	https://madelen.ina.fr/programme/mektoub	93	mt3zmAet8GE
34	PHZ10001692		178	9qqm2luKFYc
35	PHZ10001691		177	P1YpMhrrVjQ
36	PHZ10001704		181	rzEWs1Wa4ak
37	PHZ12021562	https://madelen.ina.fr/programme/loeil-de-verre	88	j9XHwKz8UsM
38	PHZ12021894	https://madelen.ina.fr/programme/le-nuage-noir	162	fZt9Tze6y74
39	PHZ10001743	https://madelen.ina.fr/programme/lavocat-du-diable	191	MnkhQ3iJz6k
40	PHZ10001767	https://madelen.ina.fr/programme/malediction	194	RlhpQyBAg9s
41	PHZ12021429	https://madelen.ina.fr/programme/prix-goncourt	76	BgHGPxeREPY
42	PHZ12021687	https://madelen.ina.fr/programme/les-perroquets-vivent-cent-ans		9iLtod9GDiM
43	PHZ12021720	https://madelen.ina.fr/programme/ciment-arme	108	ZBQ-C2mn8aY
44	PHZ12021736	https://madelen.ina.fr/programme/le-chien-mug	111	uW23osWagk8
45	PHZ12021753	https://madelen.ina.fr/programme/parole-dhomme	60	y0eWXEvpDlY
46	PHZ12021756	https://madelen.ina.fr/programme/laventure-est-au-bout-du-fil	115	lWFFbqcVubQ
47	PHZ12021761	https://madelen.ina.fr/programme/mercredi-minuit	116	Qr7ABIj4S80
48	PHZ10001786		200	
49	PHZ12003341		47	UOB5x3Xj0J4
50	PHZ10001772	https://madelen.ina.fr/programme/ralentir-danger	195	3CbdVPn-bUI
51	PHD88015124	https://madelen.ina.fr/programme/le-jeu-de-la-verite	196	cpliz_ap06c
52	PHZ12021665	https://madelen.ina.fr/programme/la-marmite	100	IZlnIguC_cA
53	PHZ12021884		160	mblZmGEjEb8
54	PHZ10001793		202	13vPg7_B9pE
55	PHZ12021505	https://madelen.ina.fr/programme/monsieur-bien-sous-tous-rapports	85	98OGnm4Uqss
56	PHZ12021878	https://madelen.ina.fr/programme/le-roi-du-jour	157	oEGF-vLmUJo
57	PHZ12021895	https://madelen.ina.fr/programme/la-tournee-du-grand-duc	163	sbUIvFokStQ
58	PHZ10001755	https://madelen.ina.fr/programme/la-nuit-du-15-juin	193	o1BVzK9oem8
59	PHZ12021830	https://madelen.ina.fr/programme/son-meilleur-role	129	lhJn8WzkH4w
60	PHZ12021904	https://madelen.ina.fr/programme/le-temps-du-magot	169	ww-UJeHg0PI
61	PHZ10001715	https://madelen.ina.fr/programme/le-spectre-a-cheval	184	QUKvY5ayxTo
62	PHZ10001720	https://madelen.ina.fr/programme/capital-deces	185	ElvKDUHSEPA
63	PHZ12021611	https://madelen.ina.fr/programme/la-folie-en-tete	62	srRuMKTEwOs
64	PHZ10003974	https://madelen.ina.fr/programme/ne-touchez-pas-a-la-verite	146	nXoMV8vL-nU
65	PHZ12021765	https://madelen.ina.fr/programme/un-homme-si-calme	117	wDf-tusUdQE
66	PHZ10003462	https://madelen.ina.fr/programme/le-signe-des-gemeaux	137	9Aig9dD7di8
67	PHD88015111	https://madelen.ina.fr/programme/souffler-nest-pas-jouer	144	Z3DnXUQORes
68	PHZ10003976	https://madelen.ina.fr/programme/et-que-ca-saute	148	ckCJ1jyKRLc
69	PHD88015117	https://madelen.ina.fr/programme/scandales	150	G73MZ3zabOg
70	PHD88015118	https://madelen.ina.fr/programme/les-clients-de-la-noctiluque	151	wv5Xo1eBoZA
71	PHZ12021398	https://madelen.ina.fr/programme/une-jeune-fille-blonde-en-robe-de-bal	74	FTdIwonbwRk
72	PHZ12021627		46	l0vjATBJya8
73	PHZ10001806		208	vnjY5hHSxMw
74	PHZ11012553		124	z6UJdzun9WY
75	PHZ12023684	https://madelen.ina.fr/programme/le-week-end-de-monsieur-fine	161	LiPMnzJ9vbo
76	PHZ12021898	https://madelen.ina.fr/programme/lassassin-nest-pas-coupable	165	RUBvuvjhUL0
77	PHZ12021901	https://madelen.ina.fr/programme/la-mort-et-le-malin	167	TukoXVCltPY
78	PHZ10001789		203	
79	PHZ12003342		170	fgxVbCCtfTY
80	PHZ06047230	https://madelen.ina.fr/programme/le-jongleur	50	ucQko7Wwc9g
81	PHZ06043300	https://madelen.ina.fr/programme/un-soir-de-demi-brume	86	Zub_spjsj8k
82	PHZ10001752	https://madelen.ina.fr/programme/vendredi-treize-jour-de-chance	192	sIGPTlV1QN0
83	PHZ13006414	https://madelen.ina.fr/programme/un-bon-tuyau-pour-un-appartement	72	6lPdXcYqkZk
84	PHZ07010302	https://madelen.ina.fr/programme/les-nuages	57	mrITEofQaYo
85	PHZ13006411	https://madelen.ina.fr/programme/la-chasse-du-diable	69	0fFIV3N9GXU
86	PHZ13006412	https://madelen.ina.fr/programme/les-amants-de-gouttiere	70	QCttI3tfjLc
87	PHZ13006413	https://madelen.ina.fr/programme/la-mendigote	71	KHHyzBl6VJo
88	PHZ10001708	https://madelen.ina.fr/programme/la-victime	182	00DRSC_iBg8
89	PHZ12003343		53	C9hacwOs_fo
90	PHZ10001695		179	
91	PHZ12021511	https://madelen.ina.fr/programme/la-petite-valise	84	zbuxnzmiF1A
92	PHZ12021472	https://madelen.ina.fr/programme/le-mouton-enrage	80	IOYJMwK0HQM
93	PHZ12021727	https://madelen.ina.fr/programme/le-mystere-du-boisgrand	109	mlxaaGzwXYs
94	PHZ12021826	https://madelen.ina.fr/programme/ne-meurt-quune-fois	128	DzXXTIdqpkE
95	PHZ12021289	https://madelen.ina.fr/programme/porte-disparu	55	fOJgWpMcHrM
96	PHZ12021615	https://madelen.ina.fr/programme/il-est-plus-tard-que-tu-ne-crois	65	sBj31xXUfTQ
97	PHZ12021834	https://madelen.ina.fr/programme/mister-slim-horloger	131	mLsMQJtP2zE
98	PHZ12021848	https://madelen.ina.fr/programme/le-pere-noel-sen-va-t-en-guerre	140	UoFHYYgK6eE
99	PHZ10001740	https://madelen.ina.fr/programme/les-morts-ne-sont-pas-curieux	190	NKyOVapR1D0
100	PHZ10001775		199	jiKSDxN6aPk
101	PHZ12021577	https://madelen.ina.fr/programme/madame-roc-ne-recoit-plus	91	CHe_ZwMbm_k
102	PHZ12021473		81	
103	PHZ12021732		110	
104	PHZ10001814		209	
105	PHZ11012306			
106	PHD88015122	https://madelen.ina.fr/programme/avec-fleurs-et-couronnes	155	fi5KdaEUhfw
107	PHZ12022229	https://madelen.ina.fr/programme/lanneau-de-stone-hill	67	rEGVPTEgh-0
108	PHZ12021833	https://madelen.ina.fr/programme/kidnapping	130	AVL3Urbq7fs
109	PHZ13020735		135	
110	PHZ10001800		204	twws3CdaNcQ
111	PHD88015101	https://madelen.ina.fr/programme/la-malediction-des-sept-felicites	132	SqerblRgAGk
112	PHZ12021485	https://madelen.ina.fr/programme/le-pigeonnier-sur-la-montagne	82	t8MYqBOgQC0
113	PHZ12021308	https://madelen.ina.fr/programme/lhonorable-monsieur-planterose	58	cQ_UXYE4ovg
114	PHZ12021750		114	
115	PHZ12021702	https://madelen.ina.fr/programme/crime-hors-concours	106	n4wJbmZyhlc
116	PHZ10003463	https://madelen.ina.fr/programme/le-fauteuil-des-aveux	138	a-ycUCPA5Lc
117	PHD88015121	https://madelen.ina.fr/programme/lewis-au-pays-des-merveilles	154	RgkGQmPTzMY
118	PHD88015123	https://madelen.ina.fr/programme/un-malhonnete-homme	156	q0N9_5D4XjU
119	PHZ06047330	https://madelen.ina.fr/programme/le-plus-beau-metier-du-monde	64	nOrIZX8viws
120	PHZ06050704	https://madelen.ina.fr/programme/le-passant-de-saint-sauveur		jIU9Q3YzmZw
121	PHZ10001698		180	F2uRTdqXANA
122	PHZ10001803		206	FllXmsP5Jec
123	PHZ10001797		205	vm9DhpLxvCg
124	PHZ12021903	https://madelen.ina.fr/programme/ne-jouez-pas-avec-le-feu	168	n089n4S6_Eo
125	PHZ13006410	https://madelen.ina.fr/programme/simplon-orient-express	68	MH5XBmwqS6E
126	PHF13007876			-4-BFft3OWw
127	PHD99204616		626	7MShkonVkIk
128	PHD99220532		898	ucjc_3qlVnc
129	PHD99220540		918	zbgcWh8Qxzs
130	PHD99220542			B9exnQoGPrU
131	PHD99280777		922	
132	PHD99223013		946	GiwT6j4l1Yc
133	PHD99217351		851	TFpdX4_3KHg
134	PHD99217356		870	d7JFUHIxitI
135	PHD99220526		888	Oy13qZRvABo
136	PHD99220527		890	gPq6-Jr-46c
137	PHD99214416		790	KLwVAnsn2aw
138	PHD99220524		884	s8CbmkEyt18
139	PHD99220530		895	xqBmxASc5XE
140	PHD99220531		897	LxglSdgVDYs
141	PHD99220534		902	PcAq7gCwVio
142	PHD99223006		931	Vam0XX7qxr4
143	PHD99214426		825	B1-NXlUjZsE
144	PHD99214427		828	QangajcKpVQ
145	PHD99214423		819	
146	PHD99217347		843	b-J61-zImXA
147	PHD99217350		850	OqDeGyLeCEo
148	PHD99217354		865	93hZfDukAMQ
149	PHD99211484		754	-cvotmSPXu8
150	PHD99211487		771	db2dvyDxRrM
151	PHD99214412		781	tzKq4sgZRQU
152	PHD99220536		910	_2p4oQ-IacY
153	PHD99220538		914	xmXNFE85qlA
154	PHD99206046		674	kFAID4KxDM0
155	PHD99208867		722	zMC9BCBwjZk
156	PHD99211489		776	j0-L1xg7ELk
157	PHD99206040		661	llHqo5uJY1g
158	PHD99208871		726	-BMJ-ih5WFc
159	PHD99208847		690	06e_AZOYrNA
160	PHD99211475		736	A1tEnVNzhDo
161	PHD99211485		766	aBwE7gehQzw
162	PHD99202501		599	sFbCStNQVkk
163	PHD99204614		623	C_PnlvVM9PE
164	PHD99204608		615	4Z2p2jxi1_8
165	PHD99223008		935	bToAwHd4nuY
166	PHD99223009		937	CuanmTEf9og
167	PHD99220528		892	gpSXCOxk7Fo
168	PHD99220529		894	CG6-G1tSBHw
169	PHD99223005		929	3GqaAciZg_c
170	PHD99223007		933	qVwNyyFjrAQ
171	PHD99223011		941	EL18Jb_xPfo
172	PHD99217353		853	VLjWHEttxW0
173	PHD99217357		873	hvT3zat_hMU
174	PHD99217359		877	YhSbcm5qqjI
175	PHD99214417		793	pwF184s49xw
176	PHD99217341		832	Japxg901VBQ
177	PHD99217342		834	yNdbYR57c3Y
178	PHD99217345		839	KKaDBJc7Mc0
179	PHD99217358		875	hB0-Q4UnlAA
180	PHD99220521		879	sFy8mjMB6xo
181	PHD99220523		882	oQI7QTM2MB0
182	PHD99220525		886	H8i0aEeg8YU
183	PHD99223003		926	k3axj5UqbWs
184	PHD99214418		795	zU3s3PjX7zk
185	PHD99214422		804	LTxysj1aBQQ
186	PHD99217361		830	I4sa_g2x9fc
187	PHD99214424		821	tmKuct545SU
188	PHD99214425		823	55Uw9D6Gi-w
189	PHD99217343		836	dVXX5eYBJg4
190	PHD99217346		841	l2cqYU19DhU
191	PHD99217352		855	G3mCqQn8qxg
192	PHD99211483		753	dTlyvKQQPRs
193	PHD99211486		769	tYaOwde7Ktg
194	PHD99211491		779	mXFNJPGgOVo
195	PHD99214413		783	4EZsmg5dxiw
196	PHD99214415		788	8FmYgm4cNZM
197	PHD99214419		797	GqQRTNPiLlc
198	PHD99214421		803	CC5zbBls2eQ
199	PHD99217344		838	3la0FiAHyWs
200	PHD99217355		867	0dvx3XWb-DM
201	PHD99220537		912	Ag4dwIKS4LY
202	PHD99220539		916	h91oY-3rZaA
203	PHD99220541		920	OW-h4keiih8
204	PHD99223002		924	ncTLeOxRjtw
205	PHD99223004		927	N2k0yBhiyHw
206	PHD99223012		943	CeuK5tclZxc
207	PHD99206045		672	6mt0S4iTQRA
208	PHD99206048		678	olgMP38TEgQ
209	PHD99206049		680	1CBwC6uqauU
210	PHD99208842		684	KHg4QcFYAG0
211	PHD99208846		688	XG1QN3L7Td8
212	PHD99208861		702	EaSGBHRYYL0
213	PHD99202475		570	
214	PHD99202477		572	_i2WQ88kV2g
215	PHD99202484		581	hYuZ5mz3iSI
216	PHD99202492		593	z42hP4a3WWE
217	PHD99202494		595	f7_iCVDUTe4
218	PHD99211473		732	Q_AxSqAi90M
219	PHD99211474		734	7nfj-5qEVUc
220	PHD99211476		738	j4sd5E89A04
221	PHD99211477		740	Kn-RtZBRktE
222	PHD99211488		773	DvuCtj4aH8Y
223	PHD99202503		603	3r27PIdECMc
224	PHD99204603		607	sYjEuv6T-Gg
225	PHD99204604		609	nOTWZnvWP7E
226	PHD99204605		611	rsADkUuD5EQ
227	PHD99204607		613	D19I38pR4Bk
228	PHD99204618		630	SAK4b7iYAIc
229	PHD99204617		628	NZ1FSDZZVgM
230	PHD99204619		633	k8DPn0nfjRE
231	PHD99204621		637	mZq3z6x9bC0
232	PHD99204622		639	DN0sjGrT2UQ
233	PHD99206035		651	jyZ5y5JB3JI
234	PHD99204620		635	eJ8gHercljk
235	PHD99206033		647	A4iBA8AdKGE
236	PHD99206036		653	31rkItxTV9M
237	PHD99206037		655	Lb6c9FBYCIE
238	PHD99206041		663	8q5hrba4PTU
239	PHD99206044		670	nxok1_IpWgk
240	PHD99206047		676	4CBGEw4ilGE
241	PHD99208849		692	1TDC50u8p9o
242	PHD99208858		700	oQLf1e-ac24
243	PHD99208862		704	B-UM4glk1zM
244	PHD99208864		718	MWByD2BwWus
245	PHD99208866		720	Gh4U6zIwcY0
246	PHD99208870		724	SYHbXFQ-Ehg
247	PHD99211480		747	K3-ivoVKRhg
248	PHD99211481		749	RwljB3DivcQ
249	PHD99211482		751	tc2UocQ1gAA
250	PHD99204625		643	8QfufS34Vqk
251	PHD99206042		665	IQhikH3LxO0
252	PHD99208844		686	vSE8c8t6Uow
253	PHD99208850		694	WlTP9BQVE3A
254	PHD99208852		696	beF60xgdCiI
255	PHD99208855		698	j90s8gcejw4
256	PHD99208872		728	j9kyZc0GrH4
257	PHD99211478		743	zOQTIqQ_VcI
258	PHD99201559		557	Orh1V7gUihU
259	PHD99201558		559	
260	PHD99202479		575	_omMcoo6KLg
261	PHD99202483		579	kvxZOoOUOaw
262	PHD99202485		583	KTrsRyN8rU8
263	PHD99202488		588	FX9CjJ0usPM
264	PHD99202489		590	C5QDYQ6Y2d4
265	PHD99202498		601	pqOysLGiSqo
266	PHD99202500		605	M0Cco8zXIJM
267	PHD99204610		617	Zb6e82NVBjA
268	PHD99204612		619	_X5BWpQK3qs
269	PHD99204613		621	AkUH_lWoXE0
270	PHD99201557		558	7WZJEK57MEw
271	PHD99201556		560	4Es8c4WqmG0
272	PHD99201761		561	DVksJ0YiClQ
273	PHD99201918		567	lWDHs2xDVQQ
274	PHD99202473		568	qJy8svsAlVI
275	PHD99202481		577	pxWYbt-zVqY
276	PHD99202491		592	25oeyBQz-JQ
277	PHD99202495		597	Y8zuqeESxjM
278	PHD99204615		625	OMPL7v8ngrU
279	PHD99220533		900	Tn8um2amWFs
280	PHD99220522		881	_Dzvl7ovl1Y
281	PHD99220535		904	TwXLGiPTYwc
282	PHD99214414		786	Xur4jSR8FqA
283	PHD99217348		846	B8MxJC-n5KA
284	PHD99214420		799	
285	PHD99217349		848	-rF5CYBvHFY
286	PHD99206038		657	NP3P3ro5FII
287	PHD99206043		669	sXvbaTqWugA
288	PHD99208841		682	7s9p6N8uXIg
289	PHD99208863		706	DXSRyhI_LWs
290	PHD99202487		585	wTID72lowZo
291	PHD99211490		778	mvUahhxW9ZU
292	PHD99206034		649	93TGZBdYk1U
293	PHD99206039		659	CWkIn32iiwo
294	PHD99211479		745	o9xrsJbGZTA
295	PHD99204624		641	ql3Qnj6iTVM
296	PHD99204626		645	MlGj96whPKM
297	PHD99211472		730	RyHW8BXHkxM
298	PHD99223010		939	hP02O5O4naA
299	PHD99223014		944	oiqgJyvSC3I
300	PHD88013947		29	
301	PHD88013944		18	
302	PHZ12023423		38	
303	PHD88013946		37	BMR8szSwi6E
304	PHD88013943		10	
305	PHD88013942		12	
306	PHD88013945		26	
307	PHZ10001834	https://madelen.ina.fr/programme/la-pension-benedict	211	VGk2IMWZBWQ
308	PHD88020421	https://madelen.ina.fr/programme/sir-arthur-mene-lenquete	279	1sE1mmFF6N4
309	PHD88020446	https://madelen.ina.fr/programme/les-brebis-tondues	307	yXM3StQ1Uag
310	PHD88020431	https://madelen.ina.fr/programme/laffaire-matapan	291	NResFoWtOfE
311	PHD88020492	https://madelen.ina.fr/programme/une-tete-va-tomber	355	jT_rK_FcJys
312	PHD88020417	https://madelen.ina.fr/programme/une-soiree-dautomne	275	G9M80BqTPBA
313	PHD88020666	https://madelen.ina.fr/programme/un-garcon-davenir	539	LVPeTKtDoys
314	PHD88020378	https://madelen.ina.fr/programme/letrange-cas-des-trois-soeurs-infirmes	236	7aeT2P4Mcts
315	PHD88020384	https://madelen.ina.fr/programme/la-mort-en-ce-bazar	243	zT5VAlMBhX0
316	PHD88020410	https://madelen.ina.fr/programme/la-veuve-aux-gants-roses	268	0g9np-QkR-A
317	PHD88020472	https://madelen.ina.fr/programme/fumees-sans-feu	339	iXbtae2FD5E
318	PHD88020374		232	
319	PHD88020365	https://madelen.ina.fr/programme/pendez-le-notaire	218	fAsTUJ_oFDk
320	PHD88020670	https://madelen.ina.fr/programme/turbigo-92-48	384	mWDSF2O5EQw
321	PHD88020546	https://madelen.ina.fr/programme/cadavres-en-vacances	410	WeHgM8mLxkY
322	PHD88020536	https://madelen.ina.fr/programme/le-septieme-jour	400	LjenDAhsBUE
323	PHD88020566		509	ZBy49SGfBR0
324	PHD88020612		478	GmfWgdVCY7c
325	PHD88020619		486	QQ6tuNpQ62M
326	PHD88020587		452	UBKHZHX-mJc
327	PHD88020590		455	R_hqIprKpN4
328	PHD88020601		470	FljQj7Op1Qo
329	PHD88020622		490	qGBAEKmCs-Y
330	PHD88020629		499	PMMbbRZEU5o
331	PHD99200590		502	eDupr3m8FNY
332	PHD88020593		459	NfjRAFyh1Nc
333	PHD88020598		467	Oragck6jaVE
334	PHD88020614		480	xBYPFmy0rIM
335	PHD88020624		493	0Z7ZcVg4XPc
336	PHD88020630		500	3JwhYbwmqtI
337	PHD88020635		506	paPQF0sAhwk
338	PHD88020641		510	dR75xfN54fw
339	PHD88020403		262	
340	PHD88020581		446	T1EXuBkLu2A
341	PHD88020585		450	JI11IrqWID8
342	PHD88020597		466	Sy5uTdyvAfs
343	PHD88020602		471	SCKJ_WWrdfE
344	PHD88020604		473	5NYKTn5KNcg
345	PHD88020607		476	YPJV4vIhGuE
346	PHD88020606		475	
347	PHD88020611		477	yG8cDifhVB0
348	PHD88020615		481	SVCJRoaHTEM
349	PHD88020620		488	-AdPpO7EMJA
350	PHD88020628		498	7t720TenE8Y
351	PHD88020631		501	aCV9-54qzOc
352	PHD88020634		505	8H0B1mDBAOQ
353	PHD88020636		507	Ug9hJSKpsBs
354	PHD88020575		440	eVIl3LXm2rs
355	PHD88020411	https://madelen.ina.fr/programme/la-goelette-du-mystere	269	bt5utVPg5bY
356	PHD88020560		427	oloA2ClViAU
357	PHD88020474	https://madelen.ina.fr/programme/derniere-heure	337	yzdBEzFr5Vs
358	PHD88020377	https://madelen.ina.fr/programme/veronal	235	kEN3alvycVY
359	PHD99204896	https://madelen.ina.fr/programme/la-catastrophe-de-mr-higginbotham	240	yyxYn_I5Mig
360	PHD88020510	https://madelen.ina.fr/programme/la-femme-sans-tete	374	Rghpcu-yQ6Q
361	PHD88020571		435	_-CWzI6advI
362	PHD88020576		441	KbOanLpqWnw
363	PHD88020584		449	no6r6WgfqJo
364	PHD88020600		469	Ax5_q6nNYqM
365	PHD88020625		494	pFbq7votZNE
366	PHD88020623		492	mOV4lvARzAw
367	PHD88020633		504	8zRlVkX09R8
368	PHD88020591		456	pvED3PI291Q
369	PHD88020595		461	dQq9_XOBt28
370	PHD88020596		465	CRKMJm2xB2A
371	PHD88020608		484	A_0LhSr6ipg
372	PHD88020621		489	BVffnE5UdE0
373	PHD88020627		496	hAB2qO3fqPc
374	PHD88020632		503	
375	PHD88020428		287	
376	PHD88020460		323	
377	PHD88020572		437	a5uuuTFkY68
378	PHD88020578		443	a8yYqi6s-4s
379	PHD88020582		447	8sdCEzqOeg0
380	PHD88020589		454	D9HYzZuu8VQ
381	PHD88020592		458	8TeOKvnumKg
382	PHD88020594		460	YJYrA5SNcLI
383	PHD88020573		436	0Sjzauf6Dyo
384	PHD88020577		442	QfNe5LrNUqE
385	PHD88020579		444	NCwJweIU9d8
386	PHD88020580		445	BncGzoLhqTw
387	PHD88020434	https://madelen.ina.fr/programme/le-mystere-dedwin-drood	293	QPoretWwOKY
388	PHD88020432		292	x2DrzugoPk0
389	PHD88020522		386	WYyw3PFrSgk
390	PHF06045583	https://madelen.ina.fr/programme/fausses-preuves	548	jFfNtnP5XKU
391	PHD88020553		419	y1gYCgQ9HnA
392	PHD88020559		426	lXoAyJ94xFU
393	PHD88020477		334	Zo0xcazcam8
394	PHD88020599		468	8EZpAlOsfFo
395	PHD88020565	https://madelen.ina.fr/programme/la-mort-en-ce-dimanche	508	D0il7np9Gts
396	PHD88020646	https://madelen.ina.fr/programme/des-fleurs-pour-christophe	515	oVd5X01wPas
397	PHD88020651	https://madelen.ina.fr/programme/a-tombeau-ouvert	521	5EInZZ4e6Us
398	PHD88020509		373	TzH4n5z4Wyg
399	PHD88020385		244	FhXWxGvCp88
400	PHD88020493		356	T08HmwK0QZc
401	PHD88020519	https://madelen.ina.fr/programme/la-mort-au-coeur	382	6S32y2hLKJc
402	PHD88020439	https://madelen.ina.fr/programme/les-temoins-superflus	300	RhHN-oPFs2o
403	PHD88020451	https://madelen.ina.fr/programme/le-crime-dorcival	313	qp4j8v8h9XU
404	PHD88020464	https://madelen.ina.fr/programme/les-brigands-0	327	ZbKRPgxprOM
405	PHD88020467	https://madelen.ina.fr/programme/dossier-gavano	330	Ku72pg61Bzg
406	PHD88020400	https://madelen.ina.fr/programme/meurtre-anniversaire	259	0PphEBWasxc
407	PHD88020413	https://madelen.ina.fr/programme/le-festin-de-laraignee	271	JS2N1NqjQEM
408	PHD88020418	https://madelen.ina.fr/programme/symphonie-en-635	276	HqNejAqyM3g
409	PHD88020443	https://madelen.ina.fr/programme/crains-la-femme-avant-le-serpent	304	tB-m632e8BM
410	PHD88020558	https://madelen.ina.fr/programme/le-gout-du-poison	425	EJBNV5wgK5M
411	PHD88020562	https://madelen.ina.fr/programme/lerreur-reparee	429	-GadQvLCQQI
412	PHD99206687	https://madelen.ina.fr/programme/au-premier-de-ces-messieurs	439	BuoBFwzZHP8
413	PHD88020470	https://madelen.ina.fr/programme/la-directrice-des-postes	341	S9cvHiglocU
414	PHD88020496	https://madelen.ina.fr/programme/le-vrai-poison	359	P7HsC0qzDKk
415	PHD88020504	https://madelen.ina.fr/programme/au-fond-de-neuilly	367	Qe_vWpCz1Xw
416	PHD88020506	https://madelen.ina.fr/programme/mensonges-a-contrecoeur	369	3jqD_ooiXY4
417	PHD88020508	https://madelen.ina.fr/programme/les-jeux-de-la-mort-et-du-hasard	372	_LSq3OKTQ1s
418	PHD88020516	https://madelen.ina.fr/programme/dernier-acte	380	cvqjF0SMQo4
419	PHD88020523	https://madelen.ina.fr/programme/denise-du-bord-de-leau	387	IN8CipPnRhs
420	PHD88020540	https://madelen.ina.fr/programme/rendez-vous-a-piccadilly	403	WIh9K7Qa2EE
421	PHD88020542	https://madelen.ina.fr/programme/bonne-nuit-evangeline	406	zOFtVYOx8Tc
422	PHD88020545	https://madelen.ina.fr/programme/triste-twist	409	4IW9_3Nmzds
423	PHD88020549	https://madelen.ina.fr/programme/est-ce-un-crime	414	ucD9PV6jksE
424	PHD88020550	https://madelen.ina.fr/programme/les-veuves	416	o-zt1GA4bIk
425	PHD88020478		333	zvFFBjuJr8A
426	PHD88020512	https://madelen.ina.fr/programme/cadavre-sur-canape	376	fqT26xDsLOc
427	PHD88020390	https://madelen.ina.fr/programme/la-dame-du-lac	249	Zh4VJgBJGIU
428	PHD88020507	https://madelen.ina.fr/programme/cadavre-en-location	370	JkM-z563vAw
429	PHF06048100	https://madelen.ina.fr/programme/le-nain-jaune	483	O2zoXia6lvs
430	PHD88020643	https://madelen.ina.fr/programme/la-conscience-tranquille	512	HqUeahqFv6w
431	PHD88020399	https://madelen.ina.fr/programme/un-mystere-des-mille-et-une-nuits-ou-la-femme-en-morceaux	258	RozzA0lgisY
432	PHD88020391	https://madelen.ina.fr/programme/lauberge-rouge	250	612AFeQAsNM
433	PHD88020453	https://madelen.ina.fr/programme/le-journal-dun-maitre-chanteur	315	xXCS-MkdObo
434	PHD88020367	https://madelen.ina.fr/programme/le-rendez-vous-dhonfleur	220	JLvG3IdfPDw
435	PHD88020361	https://madelen.ina.fr/programme/une-tenebreuse-affaire-0	214	deDNNjG96D0
436	PHD88020505	https://madelen.ina.fr/programme/ordre-de-deces	368	tV5ELENNktg
437	PHD88020525	https://madelen.ina.fr/programme/pas-de-pitie-pour-le-pere-noel	389	Ucvf7RsAnLk
438	PHD88020369		227	86fX7kjPlBQ
439	PHD88020663		534	UjyKlX_EEho
440	PHD88020554		420	dKmWjHPMQ2I
441	PHD88020528	https://madelen.ina.fr/programme/repute-mort	392	wStJ58dmr-c
442	PHD88020381	https://madelen.ina.fr/programme/extremis	239	C-pf0Ov4v6s
443	PHD88020396	https://madelen.ina.fr/programme/letrange-nuit-dun-garcon-range	255	FeIBn4hpNLU
444	PHD88020425	https://madelen.ina.fr/programme/lhomme-aux-petits-cigares	283	eGhmMiIuWNY
445	PHD88020436	https://madelen.ina.fr/programme/le-pschent-de-psalmeti	296	PHb0g1BndVg
446	PHD88020552	https://madelen.ina.fr/programme/ce-cher-oncle-albert	418	hnHnVNrTp2k
447	PHD88020570	https://madelen.ina.fr/programme/en-cas-de-miracle	434	eaQZh5om9Dw
448	PHD88020618	https://madelen.ina.fr/programme/a-la-vie-a-la-mort	485	hWpyUjxDyZY
449	PHF06047350	https://madelen.ina.fr/programme/la-marne-a-charenton	487	gcuFrzYCe6c
450	PHF06045118	https://madelen.ina.fr/programme/quel-gachis-inspecteur	497	2hkSY8NFHVg
451	PHD88020642	https://madelen.ina.fr/programme/un-mouchoir-pour-pleurer	511	ffg9MEMKZQo
452	PHD88020644	https://madelen.ina.fr/programme/la-mort-dun-farceur	513	9LjhUkhg4xU
453	PHD88020645	https://madelen.ina.fr/programme/le-miroir-obscur	514	nqACW_bn-ys
454	PHD88020647	https://madelen.ina.fr/programme/le-crime-de-rotbury	516	3JEcNrgfJUM
455	PHD88020653	https://madelen.ina.fr/programme/un-alibi-irrefutable	524	sZvD90nIRxg
456	PHD88020654	https://madelen.ina.fr/programme/moitie-a-la-commande	525	FbID5fuPSn4
457	PHD88020655	https://madelen.ina.fr/programme/crime-passionnel	527	dArWfHpMW18
458	PHD88020657	https://madelen.ina.fr/programme/meurtre-dans-lintimite	528	CHAM23qRSQc
459	PHD88020402	https://madelen.ina.fr/programme/le-scarabee-dor	261	UGv8zOUHbaw
460	PHD88020449	https://madelen.ina.fr/programme/mister-sharkey-rentre-au-pays	310	y8VEeR7cxBQ
461	PHD88020450	https://madelen.ina.fr/programme/la-maison-du-haut	311	2etIFKzlYmY
462	PHD99204894	https://madelen.ina.fr/programme/coup-de-griffes	424	Y5vi0Z6RJo0
463	PHD88020567	https://madelen.ina.fr/programme/deux-hommes-dans-la-nuit	431	A7WxzZswFL4
464	PHD88020373	https://madelen.ina.fr/programme/laffaire-manderson	231	ixIIrL2S6u8
465	PHD88020603	https://madelen.ina.fr/programme/incident-de-chasse	472	cNf5txse53U
466	PHF06045703	https://madelen.ina.fr/programme/gracieux-joue-les-favoris	479	X1QCToOTQM4
467	PHD88020616	https://madelen.ina.fr/programme/bridge-a-trois	482	E6qBr5eOP78
468	PHD88020626	https://madelen.ina.fr/programme/cette-chere-petite	495	RH7R6e6ZgS8
469	PHD88020648	https://madelen.ina.fr/programme/clara-et-lheritage	517	_tPcJ_9GOyM
470	PHD88020649	https://madelen.ina.fr/programme/la-mort-promise	518	Lr7l9bHG7Dk
471	PHD88020650	https://madelen.ina.fr/programme/quarante-huit-heures-a-tuer	519	WnYLMfCkeYE
472	PHD88020652	https://madelen.ina.fr/programme/allo-la-mort	522	02vOF72LKzk
473	PHF06045487	https://madelen.ina.fr/programme/tante-adrienne-est-morte	523	Fby9IKCWVsY
474	PHD88020656	https://madelen.ina.fr/programme/entre-la-vie-et-la-mort	526	iMtr85-FH1E
475	PHD88020518	https://madelen.ina.fr/programme/le-flamenco-des-assassins	381	sBBxADea6mk
476	PHD88020521	https://madelen.ina.fr/programme/station-service	385	iZ_wzQ2w4_M
477	PHD88020526	https://madelen.ina.fr/programme/le-monsieur-a-la-licorne	390	AQxWm-hrJm0
478	PHD88020529	https://madelen.ina.fr/programme/laccident	393	x4Y5OE6xKWc
479	PHD88020537	https://madelen.ina.fr/programme/la-mort-fait-letalage	401	z5iwCf1uv34
480	PHZ13010041	https://madelen.ina.fr/programme/impasse-a-la-dame	404	t3nbArtMYrw
481	PHD88020541	https://madelen.ina.fr/programme/la-saint-emmanuel	405	s_tG9CHuhqY
482	PHD88020548	https://madelen.ina.fr/programme/lintruse	413	9tYd4GE9yaw
483	PHD99206679	https://madelen.ina.fr/programme/le-diable-au-coin-du-feu	415	l7B1D3h3eb0
484	PHD88020658	https://madelen.ina.fr/programme/piege-de-tulle	529	VixljQk_XMY
485	PHD88020659	https://madelen.ina.fr/programme/la-derniere-visite	530	MGiRcdSRSFA
486	PHD88020660	https://madelen.ina.fr/programme/une-si-triste-fin	531	5EtN8cx8DJM
487	PHD88020661	https://madelen.ina.fr/programme/la-parole-dune-morte	532	iK-WEFDlzyA
488	PHD88020662	https://madelen.ina.fr/programme/une-carte-a-jouer	533	fOsuZzhtEDk
489	PHD88020664	https://madelen.ina.fr/programme/des-obseques-pour-un-mariage	535	qjugxV4mjEs
490	PHD88020665	https://madelen.ina.fr/programme/caracteres-batons	536	rS4jH9ZpqAY
491	PHD88020667	https://madelen.ina.fr/programme/une-heureuse-victime	543	xXWtsWc0-l0
492	PHD88020668	https://madelen.ina.fr/programme/un-coup-de-des	545	wOIa1tFjaKs
493	PHF06045622	https://madelen.ina.fr/programme/les-neveux-dedward	546	BT-_K_L5Qlc
494	PHF06045621	https://madelen.ina.fr/programme/un-coupable-tout-trouve	547	3cV2-fPicZw
495	PHD88020669	https://madelen.ina.fr/programme/une-femme-tres-attendue	549	DoU7z8Vc0Z8
496	PHD90000810	https://madelen.ina.fr/programme/mariage-en-noir	550	ptaIX2oVCCA
497	PHD90000811	https://madelen.ina.fr/programme/le-gros-paquet	551	MoZmiOzkS1Q
498	PHZ06050743	https://madelen.ina.fr/programme/le-parloir	411	UjxQHpwVIOc
499	PHD99201587	https://madelen.ina.fr/programme/une-voix-de-femme	552	pneQU_T0jBg
500	PHD99201586	https://madelen.ina.fr/programme/la-mort-dun-antiquaire	553	pyyPa5j-GHs
501	PHD99201584	https://madelen.ina.fr/programme/delit-de-fuite		PoqXp3-42M8
502	PHZ16016801	https://madelen.ina.fr/programme/a-lheure-de-notre-angoisse		mavJ2lS3W4o
503	PHD88020569		433	VNOwQ9Rgow0
504	PHZ13008262		299	
505	PHD88020588		453	8CerWjo8cAo
506	PHD88020605		474	G2eK9wEgYug
507	PHD88020555		421	Ze5kz7O_jT0
508	PHD88020364	https://madelen.ina.fr/programme/hasard	217	gKl81dvkWxo
509	PHD88020534	https://madelen.ina.fr/programme/lhomme-hante-0	398	lr7q-C5Vqb4
510	PHD88020481	https://madelen.ina.fr/programme/dernieres-volontes	344	QirvPndy_-4
511	PHD88020379	https://madelen.ina.fr/programme/la-vieille-dame-sans-merci	237	WOD_fKm5XBk
512	PHD88020382	https://madelen.ina.fr/programme/le-pays-sans-etoiles	241	QvJXU7lbQaY
513	PHD88020383	https://madelen.ina.fr/programme/la-mariee-etait-en-noir	242	7VUvafJ9a6Q
514	PHD88020386	https://madelen.ina.fr/programme/le-crime-de-lopera	245	TfMrNV-4dCo
515	PHD88020389	https://madelen.ina.fr/programme/lassassinat-de-la-grand-mere	248	9UoHbU_dsu4
516	PHD88020394	https://madelen.ina.fr/programme/la-plume-empoisonnee	253	KlGjuyEpL20
517	PHD88020397	https://madelen.ina.fr/programme/fac-simile	256	jro0y_ZU3sI
518	PHD88020398	https://madelen.ina.fr/programme/ne-tirez-pas-sur-linspecteur	257	_i4cFHpcIeU
519	PHD88020416	https://madelen.ina.fr/programme/le-linceul-ne-fait-pas-le-mort	274	76tbL8Dy5AI
520	PHD88020423	https://madelen.ina.fr/programme/lhomme-au-chapeau-melon	281	sgl4BlyKfI4
521	PHD88020433	https://madelen.ina.fr/programme/laffaire-lerouge	294	YuVji4yCe3I
522	PHD88020435	https://madelen.ina.fr/programme/le-diable-et-son-train	295	HNdFjIMg00E
523	PHD88020437	https://madelen.ina.fr/programme/quest-devenue-barbara	297	3OGP1Ht7zEE
524	PHD88020440	https://madelen.ina.fr/programme/laffaire-du-courrier-de-lyon	301	eaANH5gkbM8
525	PHD88020441	https://madelen.ina.fr/programme/permission-de-detente	302	xeVCMTaCmM0
526	PHD88020452	https://madelen.ina.fr/programme/murder-party	314	NcfPVFTrGf8
527	PHD88020362	https://madelen.ina.fr/programme/le-petit-vieux-des-batignolles	215	1rCdblwdXIw
528	PHD88020363	https://madelen.ina.fr/programme/la-grande-marniere	216	Y6DF3r-STJ0
529	PHD88020454	https://madelen.ina.fr/programme/une-mort-si-juste	316	JiFQa7R_aRY
530	PHD88020458	https://madelen.ina.fr/programme/elles-sont-folles	320	ic4aZSTEf7A
531	PHD88020459	https://madelen.ina.fr/programme/le-grand-caid	322	dmdIRKdKnuM
532	PHD88020461	https://madelen.ina.fr/programme/laffaire-greslou	324	Xd3DVnbNn40
533	PHD88020462	https://madelen.ina.fr/programme/jai-vu-rouge	325	KKp3YXsT_-4
534	PHD88020463	https://madelen.ina.fr/programme/faux-numero	326	2AVQefJanyc
535	PHD88020465	https://madelen.ina.fr/programme/virus	328	IBySrLhpri0
536	PHD88020466	https://madelen.ina.fr/programme/largent-des-autres	329	xmTEzg0qQqs
537	PHD88020468	https://madelen.ina.fr/programme/la-corde-au-cou	331	RWbY_uIsRzM
538	PHD88020586	https://madelen.ina.fr/programme/mais-qui-est-jean-dupont	451	VsL8X5dk1fI
539	PHD88020380	https://madelen.ina.fr/programme/en-attendant-le-bac-du-hode	238	o16C_3OxEtU
540	PHD88020406	https://madelen.ina.fr/programme/la-porte-muree	265	NjCq5L0MucY
541	PHD88020412	https://madelen.ina.fr/programme/la-concierge-nest-plus-dans-lescalier	270	gT1k1IXwFN0
542	PHD88020414	https://madelen.ina.fr/programme/qui-est-le-policier	272	Jpw_oC-kwKA
543	PHD88020415	https://madelen.ina.fr/programme/carambolage	273	nqQs3mL18gM
544	PHD88020419	https://madelen.ina.fr/programme/le-pont-de-la-folie	277	HlKljekQjA0
545	PHD88020420	https://madelen.ina.fr/programme/un-soleil-de-plomb	278	mxcQMBNOQaQ
546	PHD88020424	https://madelen.ina.fr/programme/mon-propre-assassinat	282	DytDu_uW91g
547	PHD88020426	https://madelen.ina.fr/programme/le-froid-du-tombeau	284	RLfjGQUz5p0
548	PHD88020427	https://madelen.ina.fr/programme/feu-vert-pour-linspecteur-west	285	hKyL2srsE0A
549	PHZ08010807	https://madelen.ina.fr/programme/le-genie-de-la-bastille-ou-la-veritable-histoire-de-levasion-de-latude	286	IosZvhWBAQI
550	PHD88020429	https://madelen.ina.fr/programme/le-taxi-jaune	288	CvAx4BDyB2A
551	PHD88020430	https://madelen.ina.fr/programme/le-crime-de-lord-arthur-savile-0	289	cQ-JL0I0QB4
552	PHD88020408	https://madelen.ina.fr/programme/fantome-a-prendre	290	0jdLHZmDb0k
553	PHD88020442	https://madelen.ina.fr/programme/coliques-de-plomb	303	WA1MpzJT3CY
554	PHD88020444	https://madelen.ina.fr/programme/les-ombres-au-tableau	305	0TOy3zje5ts
555	PHD88020448	https://madelen.ina.fr/programme/crime-sur-la-nationale-7	309	lpV1M-MAzgI
556	PHZ12015222	https://madelen.ina.fr/programme/chewing-gum-et-spaghetti	312	KHEbHcW0rtw
557	PHD88020557	https://madelen.ina.fr/programme/le-malefice-du-doute	423	6YFtEYna2uo
558	PHD88020561	https://madelen.ina.fr/programme/monsieur-holbein-financier	428	D-TN3c8au4Y
559	PHD88020563	https://madelen.ina.fr/programme/que-le-meilleur-survive	430	Ol20b_tKjcA
560	PHD88020455	https://madelen.ina.fr/programme/la-mort-vient-en-souriant	317	BK2Q24slIHQ
561	PHD88020456	https://madelen.ina.fr/programme/tous-les-chemins-menent-a-vienne	318	Qsg4U2mJMqA
562	PHD88020457	https://madelen.ina.fr/programme/les-pestiferes-du-rosemary	319	0RrtbypWFQ4
563	PHD88020356	https://madelen.ina.fr/programme/le-tour-est-joue	221	eBUYnit2fPI
564	PHD88020574	https://madelen.ina.fr/programme/de-tous-cotes	438	XLktPoRKFk8
565	PHD88020375	https://madelen.ina.fr/programme/poison-davril	233	rNm8Au7NLSs
566	PHD88020583	https://madelen.ina.fr/programme/pour-solde-de-tout-compte	448	SEPDoLf9B7I
567	PHD88020469	https://madelen.ina.fr/programme/linconnu-du-nord-express	332	ZdHJCIkX9Ag
568	PHD88020476	https://madelen.ina.fr/programme/le-pays-sans-etoiles-deuxieme-version	335	GIACi1MV0hg
569	PHD88020475	https://madelen.ina.fr/programme/la-chere-emma	336	dIRKPcUk_4k
570	PHD88020473	https://madelen.ina.fr/programme/retour-et-mat	338	JAneWbSaJhk
571	PHD88020471	https://madelen.ina.fr/programme/laffaire-de-cinq-minutes	340	K4DFH86aGoY
572	PHD88020479	https://madelen.ina.fr/programme/meurtre-a-haute-dose	342	n7h_5jc3HLg
573	PHD88020480	https://madelen.ina.fr/programme/meurtre-a-haute-dose-poison	343	YynR_0F8uUw
574	PHD88020482	https://madelen.ina.fr/programme/la-main-enchantee-0	345	DWMN8HZf_5k
575	PHD88020484	https://madelen.ina.fr/programme/cache-tampon	347	xxw7h1d0MZg
576	PHD88020485	https://madelen.ina.fr/programme/la-vie-de-chateau	348	UjY5mO6l7f0
577	PHD88020486	https://madelen.ina.fr/programme/ma-tete-sur-un-coup-de-poker	349	DLxoLxkB4JQ
578	PHD88020488	https://madelen.ina.fr/programme/hors-de-lombre	351	JLz9KRuCUbU
579	PHD88020489	https://madelen.ina.fr/programme/par-une-main-inconnue	352	VmzMGSv7-Ng
580	PHD88020491	https://madelen.ina.fr/programme/le-manoir-de-la-douairiere	354	CXbRwjaPvcU
581	PHD88020494	https://madelen.ina.fr/programme/une-balle-pour-rien	357	a69SjrJWXAc
582	PHD88020498	https://madelen.ina.fr/programme/les-jeux-du-cirque	361	Zyo1a7TyLVY
583	PHD88020499	https://madelen.ina.fr/programme/le-dernier-matin	362	HlU1i8Aeqxg
584	PHD88020500	https://madelen.ina.fr/programme/les-pistolets-solitaires	363	IOOJEd9oLVM
585	PHD88020501	https://madelen.ina.fr/programme/fin-de-chapitre	364	Fky6mhJ2OTk
586	PHD88020503	https://madelen.ina.fr/programme/seul-le-medecin-du-bord	366	0CfMJhd1un0
587	PHD88020511	https://madelen.ina.fr/programme/lassassin-part-en-vacances	375	8TqpRyg9qi0
588	PHD88020513	https://madelen.ina.fr/programme/un-homme-en-fuite	377	-Y90p6ZqYdA
589	PHD88020514	https://madelen.ina.fr/programme/billet-pour-les-assises	378	kVY4mD_VooI
590	PHD88020515	https://madelen.ina.fr/programme/la-mort-du-bien-aime	379	YA2x2YhZREk
591	PHZ13009139	https://madelen.ina.fr/programme/cadavres-en-mitaines	388	z9VbO1VD7ek
592	PHD88020527	https://madelen.ina.fr/programme/au-bassin-darcachon	391	NkBfLzCxUyg
593	PHD88020531	https://madelen.ina.fr/programme/lembranchement-de-mugby	395	GAJJ8zG2S-E
594	PHD88020532	https://madelen.ina.fr/programme/laiguilleur-ou-le-fantome-de-la-voie-ferree	396	khSO9A8Rgdw
595	PHD88020533	https://madelen.ina.fr/programme/un-message-de-la-mer	397	PseQ70bRy70
596	PHD88020535	https://madelen.ina.fr/programme/pauvre-duc	399	TyP5o1J34xU
597	PHD88020538	https://madelen.ina.fr/programme/madame-clapain		DTluVXILgV4
598	PHD88020539	https://madelen.ina.fr/programme/la-verite-sur-un-plateau	402	kTaIPpex6bY
599	PHD88020543	https://madelen.ina.fr/programme/imbroglio	407	sm19uvWh6ZQ
600	PHD88020544	https://madelen.ina.fr/programme/laffaire-orlandi	408	qHrUKUtINII
601	PHD88020547	https://madelen.ina.fr/programme/loiseau-poignard	412	JmVC87BeL9o
602	PHD88020551	https://madelen.ina.fr/programme/mathilde-et-ses-mitaines-deuxieme-version	417	Jq1DxhkCo00
603	PHD99201581	https://madelen.ina.fr/programme/fenetre-sur-crime	556	CUkSWbAPbUE
604	PHD88020371		229	u6JkPeAWfwM
605	PHD88020372		230	IAFu5xuSE-k
606	PHD88020568		432	yUFgXQGOWOY
607	PHZ15009081		306	3JiyUytFW24
608	PHD88020359	https://madelen.ina.fr/programme/voir-londres-et-mourir	225	oldJUtFLqE8
609	PHD88020387	https://madelen.ina.fr/programme/le-tueur-numero-deux	246	k5kDv_PA_zo
610	PHD88020388	https://madelen.ina.fr/programme/dans-le-bain-dune-blonde	247	2LeOJ0W6uDM
611	PHD88020392	https://madelen.ina.fr/programme/la-tete-dun-innocent	251	uGC2JRj4Kcw
612	PHD88020393	https://madelen.ina.fr/programme/le-taureau-par-les-cornes	252	ziipAWWjxU4
613	PHD88020395	https://madelen.ina.fr/programme/deuil-sur-mesure	254	MyXWYGUPnig
614	PHD88020556	https://madelen.ina.fr/programme/fin-de-carriere	422	-o-SYlKlazY
615	PHD88020355	https://madelen.ina.fr/programme/le-meurtre-de-roger-ackroyd	212	ObqHfuiVUyw
616	PHD88020360	https://madelen.ina.fr/programme/mathilde-et-ses-mitaines	213	wVpJOmioqwA
617	PHD88020366		219	
618	PHD88020357	https://madelen.ina.fr/programme/lord-peter-et-linconnu	222	N3_BZXB105k
619	PHD99204892	https://madelen.ina.fr/programme/ali-baba-ou-les-quarante-voleurs-extermines-par-une-esclave	223	zBDcHfYimhA
620	PHD88020358	https://madelen.ina.fr/programme/casse-pipe-a-la-nation	224	mbWo6wVllMo
621	PHD88020401	https://madelen.ina.fr/programme/nestor-burma-contre-cqfd	260	1GAu4gwijyw
622	PHD88020404	https://madelen.ina.fr/programme/faux-temoignage-1ere-partie	263	7-hyy8b3vic
623	PHD88020405	https://madelen.ina.fr/programme/faux-temoignage-2eme-et-derniere-partie	264	JVz46nETPa8
624	PHD88020407	https://madelen.ina.fr/programme/vous-attend-en-bas	266	Js0zApz6-n0
625	PHD88020409	https://madelen.ina.fr/programme/le-dossier-numero-cent-treize	267	KxRsGSaERE0
626	PHD88020422	https://madelen.ina.fr/programme/les-voyageurs-du-vendredi	280	fZnGC7bkzK0
627	PHD88020447	https://madelen.ina.fr/programme/la-vieillesse-de-monsieur-lecoq	308	L1OCj_UxGYI
628	PHD88020368	https://madelen.ina.fr/programme/echec-au-porteur	226	ve-oylHpehY
629	PHD88020376	https://madelen.ina.fr/programme/double-assassinat-dans-la-rue-morgue-0	234	dCUl5YbzEcs
630	PHD88020483	https://madelen.ina.fr/programme/le-bain-de-minuit	346	BLwCNrdyGuo
631	PHD88020487	https://madelen.ina.fr/programme/carnaval-a-cologne	350	IOIbRBOtKC8
632	PHD88020490	https://madelen.ina.fr/programme/monsieur-contre-et-le-mort	353	Uo9hMV0klXM
633	PHD88020495	https://madelen.ina.fr/programme/notre-metro-quotidien	358	1-sJ0YdQ42g
634	PHD88020497	https://madelen.ina.fr/programme/lagent-dassurances	360	QdUEn7eYgU4
635	PHD88020502	https://madelen.ina.fr/programme/le-meurtre-de-la-vieille-dame	365	UPyBvficGCw
636	PHD88020520	https://madelen.ina.fr/programme/gros-plan-sur-le-mort	383	vfEw_k298JM
637	PHD88020530	https://madelen.ina.fr/programme/six-heures-dangoisse	394	lzUX-tF9LZU
638	PHD88020370		228	avyvTNnvFTA
639	PHD88020438	https://madelen.ina.fr/programme/les-chevaliers-de-la-licorne	298	MN2nZwt5JKQ
640	PHD99212383	https://madelen.ina.fr/programme/le-beau-role	759	1PQPGvlwBso
641	PHD99212386	https://madelen.ina.fr/programme/au-four-et-au-moulin	762	-GjtdBekGRk
642	PHD99221252	https://madelen.ina.fr/programme/le-beau-role-0		WcFHz6MCf6c
643	PHD99215208		811	cdvkEPetaBo
644	PHD99215211		814	h55aUuVODDo
645	PHD99215210	https://madelen.ina.fr/programme/mort-de-vingt-et-un-cyclistes	813	OC9uT2SgK9U
646	PHD99218407	https://madelen.ina.fr/programme/oncle-mike-est-arrive	860	Z0JdFXhAdTI
647	PHZ06001973	https://madelen.ina.fr/programme/mon-ami-wolf	371	jYWuljJ3x78
648	PHF05005690	https://madelen.ina.fr/programme/pauvre-petite-cherie	710	TOpdwP8Q4Q8
649	PHD99212385	https://madelen.ina.fr/programme/bonsoir-leon	761	OAUyTCKdbqk
650	PHD99206682	https://madelen.ina.fr/programme/au-pied-du-mur	457	JVl-twr8efo
651	PHD99206678	https://madelen.ina.fr/programme/la-trappe	463	sVV7Ii45nfQ
652	PHF06053945	https://madelen.ina.fr/programme/le-petit-prof	808	18hl5W7jx4I
653	PHD99215206	https://madelen.ina.fr/programme/contrainte-par-corps	809	Dd6_AgPTIz4
654	PHD99215207	https://madelen.ina.fr/programme/en-cas-daccident	810	wAesFwiwmAg
655	PHD99215209	https://madelen.ina.fr/programme/sinistre-alibi	812	2B5YpTi4WY4
656	PHD99215214	https://madelen.ina.fr/programme/le-cache-coeur	817	xQCmur_8NDQ
657	PHD99218403	https://madelen.ina.fr/programme/lenfer-au-soleil	856	lCv9o-XKMvw
658	PHD99218404	https://madelen.ina.fr/programme/la-petite-soeur	857	SqXWHjg0xKo
659	PHD99223344	https://madelen.ina.fr/programme/le-premier-pas-qui-coute	947	li13NpmJX78
660	PHD99223349	https://madelen.ina.fr/programme/instance-en-divorce	951	aGwG_RKYnd8
661	PHD99218411	https://madelen.ina.fr/programme/tete-a-tete	862	LvYJ-YObrNs
662	PHD99218412	https://madelen.ina.fr/programme/lenfant-perdu	863	R16iRx3CQLE
663	PHD99200999	https://madelen.ina.fr/programme/le-pistolet-de-senlis	540	bwQySj2kNeQ
664	PHD99201000	https://madelen.ina.fr/programme/vocalises	541	oaB7j0qugLo
665	PHD99210165	https://madelen.ina.fr/programme/question-de-vie-ou-de-mort	707	-zqDKe3CRsM
666	PHD99210168	https://madelen.ina.fr/programme/dans-un-fauteuil	708	NjxBx55bKRc
667	PHD99210169	https://madelen.ina.fr/programme/memoire-pour-une-double-vie	709	YzaZzqLJ8b0
668	PHD99210170	https://madelen.ina.fr/programme/les-personnes-de-la-famille	711	kiQbzwDzI48
669	PHD99210172	https://madelen.ina.fr/programme/la-maison-du-docteur	712	d3-FDSQzJKc
670	PHD99210173	https://madelen.ina.fr/programme/le-metier-dans-le-sang	713	PmeWWsaQaw4
671	PHD99210174	https://madelen.ina.fr/programme/lomission	714	XQUieXEimWQ
672	PHD99212380	https://madelen.ina.fr/programme/la-poire-de-juillet	756	ocLJ8rZ2AQg
673	PHD99212381	https://madelen.ina.fr/programme/le-crime-dune-nuit-dete	757	AIDBCQV4Rss
674	PHD99212382	https://madelen.ina.fr/programme/puisque-marcel-est-mort	758	udMkLzdfU5Q
675	PHD99212384	https://madelen.ina.fr/programme/vitesse-limitee	760	Lv93-H_CqLM
676	PHD99212388	https://madelen.ina.fr/programme/le-secret-de-la-defense	764	fU0TIejiwy8
677	PHD99212389	https://madelen.ina.fr/programme/faire-part-a-deux	765	yc9vWCRymUk
678	PHD99206684	https://madelen.ina.fr/programme/la-victime-0	462	0fRZNQBqFts
679	PHD99260455	https://madelen.ina.fr/programme/crepe-suzette		UJIraOOq2cU
680	PHD99215205	https://madelen.ina.fr/programme/la-convocation	805	
681	PHF06053943	https://madelen.ina.fr/programme/sa-derniere-chance	806	rxivM5PeN6o
682	PHD99215212	https://madelen.ina.fr/programme/ma-chere-belle-soeur	815	R-VsKH59pPk
683	PHD99215213	https://madelen.ina.fr/programme/jusqua-la-mort-inclusivement	816	PRmCYdbaChY
684	PHD99204893	https://madelen.ina.fr/programme/marche-en-mains	520	2uW4HNEJ1Zg
685	PHD99267883	https://madelen.ina.fr/programme/le-ver-dans-le-fruit	858	zWld_kAjr8o
686	PHD99218406	https://madelen.ina.fr/programme/la-mort-madame	859	0seGf5o3JkI
687	PHD99223347	https://madelen.ina.fr/programme/extremis-0	949	UgjNiJn2BQw
688	PHD99223348	https://madelen.ina.fr/programme/ca-ne-sortira-pas-de-la-famille	950	qwB1Gqj2jVE
689	PHD99200216	https://madelen.ina.fr/programme/une-si-charmante-soiree	464	GDmSkOVdErw
690	PHD99206685	https://madelen.ina.fr/programme/aux-yeux-de-la-loi	491	hpJGuQbwkc0
691	PHF06053944	https://madelen.ina.fr/programme/decidement-ne-peut-plus-avoir-confiance-en-personne	807	XKXTZeA0JSA
692	PHD99218409	https://madelen.ina.fr/programme/entre-deux-gendarmes-il-faut-choisir-le-moindre	861	Yh9d0zV1PaU
693	PHD99221248	https://madelen.ina.fr/programme/la-tete-en-feu	905	Lb227cv1RV4
694	PHD99221249	https://madelen.ina.fr/programme/la-maison-du-docteur-0		AgkVyE4W7fM
695	PHD99221251	https://madelen.ina.fr/programme/apres-trois-ans-dabsence	906	TquUWgAGPyU
696	PHD99221253	https://madelen.ina.fr/programme/en-accompagnant-marie-therese	907	_ziu3vKHueE
697	PHD99221254	https://madelen.ina.fr/programme/lavant-dernier-sommeil	908	tIa5h-NVCz8
698	PHD99201106	https://madelen.ina.fr/programme/crepe-dentelle	537	aXFoUl6kyLg
699	PHD99201001	https://madelen.ina.fr/programme/chambre-avec-vue-sur-la-mort	538	ZgTglI_vR8U
700	PHD99206681	https://madelen.ina.fr/programme/le-ridicule-tue	542	TG67YDcNAEE
701	PHD99204895	https://madelen.ina.fr/programme/en-desespoir-de-cause	544	0Uu232HngSU
702	PHD99206689	https://madelen.ina.fr/programme/delit-de-fuite-0	555	tvxlM8rgXfs
703	PHD99206676	https://madelen.ina.fr/programme/si-cetait-a-refaire	668	lxy1B-akZeE
704	PHD99210175	https://madelen.ina.fr/programme/la-balle-de-match	715	SCmVUF23xF0
705	PHD99212379	https://madelen.ina.fr/programme/la-puce	755	If0uj72Jusg
706	PHD99212387	https://madelen.ina.fr/programme/mortel-chagrin	763	D-l7t1PTuwg
707	PHD99267647			
708	PHD99267636			
709	PHD99240209			
710	PHD99240212			
711	PHD99267336			
712	PHD99267330			
713	PHD99267337			
714	PHD99267332			
715	PHD99267348			
716	PHD99267346			
717	PHD99267356			
718	PHD99267372			
719	PHD99267353			
720	PHD99267374			
721	PHD99267385			
722	PHD99267394			
723	PHD99267426			
724	PHD99267397			
725	PHD99267421			
726	PHD99267443			
727	PHD99267440			
728	PHD99267446			
729	PHD99267448			
730	PHD99249127			
731	PHD99267451			
732	PHD99267480			
733	PHD99240216			
734	PHD99240222			
735	PHD99240223			
736	PHD99267489			
737	PHD99267491			
738	PHD99267496			
739	PHD99267498			
740	PHD99267523			
741	PHD99240219			
742	PHD99240221			
743	PHD99267524			
744	PHD99240220			
745	PHD99267526			
746	PHD99267531			
747	PHD99267541			
748	PHD99267533			
749	PHD99267562			
750	PHD99267564			
751	PHD99267575			
752	PHD99267581			
753	PHD99267629			
754	PHD99267628			
755	PHD99240230			
756	PHD99240259			
757	PHD99240232			
758	PHD99240260			
759	PHD99240264			
760	PHD99240261			
761	PHD99240266			
762	PHD99240267			
763	PHD99240269			
764	PHD99240279			
765	PHD99240278			
766	PHD99240282			
767	PHD99240286			
768	PHD99240287			
769	PHD99267634			
770	PHD99267640			
771	PHD99267641			
772	PHD99240293			
773	PHD99267643			
774	PHD99240297			
775	PHD99240296			
776	PHD99240306			
777	PHD99240310			
778	PHD99240316			
779	PHD99240315			
780	PHD99240318			
781	PHD99240319			
782	PHD99240324			
783	PHD99240321			
784	PHD99240327			
785	PHD99240328			
786	PHD99240331			
787	PHD99240335			
788	PHD99240336			
789	PHD99240337			
790	PHD99240342			
791	PHD99240343			
792	PHD99240346			
793	PHD99240344			
794	PHD99240347			
795	PHD99240353			
796	PHD99240372			
797	PHD99240424			
798	PHD99240435			
799	PHD99240431			
800	PHD99240429			
801	PHD99240437			
802	PHD99240443			
803	PHD99240444			
804	PHD99240438			
805	PHD99240445			
806	PHD99240442			
807	PHD99240448			
808	PHD99240449			
809	PHD99267646			
810	PHD99240452			
811	PHD99267651			
812	PHD99240210			
813	PHD99267333			
814	PHD99267334			
815	PHD99267335			
816	PHD99267338			
817	PHD99267340			
818	PHD99267341			
819	PHD99267351			
820	PHD99267354			
821	PHD99267355			
822	PHD99267376			
823	PHD99267378			
824	PHD99267389			
825	PHD99267423			
826	PHD99267424			
827	PHD99267429			
828	PHD99267430			
829	PHD99267438			
830	PHD99267439			
831	PHD99267444			
832	PHD99267449			
833	PHD99267450			
834	PHD99240213			
835	PHD99240217			
836	PHD99240225			
837	PHD99267486			
838	PHD99267535			
839	PHD99267539			
840	PHD99267565			
841	PHD99267569			
842	PHD99267579			
843	PHD99240226			
844	PHD99240227			
845	PHD99240228			
846	PHD99240257			
847	PHD99240262			
848	PHD99240263			
849	PHD99240270			
850	PHD99240271			
851	PHD99240272			
852	PHD99240274			
853	PHD99240275			
854	PHD99240276			
855	PHD99240284			
856	PHD99240290			
857	PHD99240291			
858	PHD99267632			
859	PHD99267633			
860	PHD99240211			
861	PHD99267343			
862	PHD99267349			
863	PHD99267344			
864	PHD99267347			
865	PHD99267350			
866	PHD99267357			
867	PHD99267383			
868	PHD99267387			
869	PHD99267380			
870	PHD99267395			
871	PHD99267427			
872	PHD99267432			
873	PHD99267433			
874	PHD99267435			
875	PHD99267434			
876	PHD99267442			
877	PHD99267436			
878	PHD99267445			
879	PHD99267441			
880	PHD99267447			
881	PHD99240214			
882	PHD99240215			
883	PHD99267528			
884	PHD99267532			
885	PHD99267534			
886	PHD99267574			
887	PHD99267576			
888	PHD99267577			
889	PHD99267580			
890	PHD99267578			
891	PHD99240231			
892	PHD99240273			
893	PHD99240277			
894	PHD99240281			
895	PHD99240280			
896	PHD99240283			
897	PHD99240288			
898	PHD99267630			
899	PHD99240289			
900	PHD99267631			
901	PHD99267635			
902	PHD99267637			
903	PHD99267642			
904	PHD99240294			
905	PHD99240295			
906	PHD99240298			
907	PHD99240299			
908	PHD99240304			
909	PHD99240305			
910	PHD99240307			
911	PHD99240302			
912	PHD99240308			
913	PHD99240312			
914	PHD99240317			
915	PHD99240320			
916	PHD99240325			
917	PHD99240326			
918	PHD99267638			
919	PHD99267639			
920	PHD99267644			
921	PHD99240300			
922	PHD99240303			
923	PHD99240309			
924	PHD99240313			
925	PHD99240314			
926	PHD99240322			
927	PHD99240323			
928	PHD99240329			
929	PHD99240330			
930	PHD99240334			
931	PHD99240339			
932	PHD99240340			
933	PHD99240341			
934	PHD99240348			
935	PHD99240351			
936	PHD99240359			
937	PHD99240362			
938	PHD99240364			
939	PHD99240369			
940	PHD99240370			
941	PHD99240371			
942	PHD99240427			
943	PHD99240432			
944	PHD99240433			
945	PHD99240434			
946	PHD99240439			
947	PHD99240440			
948	PHD99240441			
949	PHD99240446			
950	PHD99240451			
951	PHD99267649			
952	PHD99267654			
953	PHD99267655			
954	PHD99267660			
955	PHD99267663			
956	PHD99267664			
957	PHY06025443			
958	PHD99240456			
959	PHD99240457			
960	PHD99240458			
961	PHD99240459			
962	PHD99240460			
963	PHD99240468			
964	PHD99240470			
965	PHD99240479			
966	PHD99240490			
967	PHD99240494			
968	PHD99240496			
969	PHD99240507			
970	PHD99240508			
971	PHD99240509			
972	PHD99240510			
973	PHD99240511			
974	PHD99240517			
975	PHD99240518			
976	PHD99240519			
977	PHD99240526			
978	PHD99267806			
979	PHD99267807			
980	PHD99267821			
981	PHD99267837			
982	PHD99267652			
983	PHD99267662			
984	PHD99267657			
985	PHD99267656			
986	PHD99267659			
987	PHD99240461			
988	PHD99240466			
989	PHD99240478			
990	PHD99240485			
991	PHD99240489			
992	PHD99240505			
993	PHD99240502			
994	PHD99240504			
995	PHD99240514			
996	PHD99240515			
997	PHD99240525			
998	PHD99240521			
999	PHD99240522			
1000	PHD99267804			
1001	PHD99267809			
1002	PHD99267815			
1003	PHD99240529			
1004	PHD99267819			
1005	PHD99267813			
1006	PHD99267834			
1007	PHD99267827			
1008	PHD99267842			
1009	PHD99267843			
1010	PHD99267841			
1011	PHD99267847			
1012	PHD99267849			
1013	PHD99267848			
1014	PHD99267962			
1015	PHD99268028			
1016	PHD99268033			
1017	PHD99268030			
1018	PHD99268036			
1019	PHD99268035			
1020	PHD99268041			
1021	PHD99240338			
1022	PHD99240333			
1023	PHD99240345			
1024	PHD99240354			
1025	PHD99240358			
1026	PHD99240356			
1027	PHD99240373			
1028	PHD99240425			
1029	PHD99240375			
1030	PHD99240423			
1031	PHD99240426			
1032	PHD99240428			
1033	PHD99240436			
1034	PHD99240430			
1035	PHD99240447			
1036	PHD99240450			
1037	PHD99240454			
1038	PHD99240453			
1039	PHY06025428			
1040	PHD99267650			
1041	PHD99267658			
1042	PHD99240455			
1043	PHD99240463			
1044	PHD99240476			
1045	PHD99240477			
1046	PHD99240480			
1047	PHD99240481			
1048	PHD99240499			
1049	PHD99240498			
1050	PHD99240513			
1051	PHD99240516			
1052	PHD99240512			
1053	PHD99240520			
1054	PHD99240524			
1055	PHD99240523			
1056	PHD99240528			
1057	PHD99267823			
1058	PHD99267830			
1059	PHD99267825			
1060	PHD99267836			
1061	PHY06025461			
1062	PHD99267840			
1063	PHD99267846			
1064	PHD99267844			
1065	PHD99267961			
1066	PHD99268023			
1067	PHD99268027			
1068	PHD99268024			
1069	PHD99268029			
1070	PHD99268034			
1071	PHD99268040			
1072	PHD99267960			
1073	PHD99267839			
1074	PHD99267845			
1075	PHD99267963			
1076	PHD99267964			
1077	PHD99268025			
1078	PHD99268026			
1079	PHD99268031			
1080	PHD99268032			
1081	PHD99268037			
1082	PHD99268038			
1083	PHD99268039			
1084	PHD99267391			
1085	PHD99240229			
1086	PHD99240292			
1087	PHD99240301			
1088	PHD99240332			
1089	PHD99240366			
1090	PHD99240462			
1091	PHD99240487			
1092	PHD99267452			
1093	PHD99267437			
1094	PHD99240258			
1095	PHD99240265			
1096	PHD99240256			
1097	PHD99240285			
1098	PHD99267352			
1099	PHD99240268			
1100	PHD99240311			
1101	PHY06025429			
1102	PHY06025444			
1103	PHD99240224			
1104	PHY06025382			
1105	PHY06033494			
1106	PHY06025401			
1107	PHD99206717	https://madelen.ina.fr/programme/premiere-comparution	673	YPzR7W8T3ww
1108	PHD99206703	https://madelen.ina.fr/programme/la-poule-aux-oeufs-dor	648	R_3QyFgzazY
1109	PHD99221281		915	XK97PV3Wyq4
1110	PHD99215218	https://madelen.ina.fr/programme/la-chute	785	hJb67F0p1-c
1111	PHD99206705	https://madelen.ina.fr/programme/la-reparation	652	L5DbsXIw_0I
1112	PHF12011802		792	
1113	PHD99206706	https://madelen.ina.fr/programme/une-si-longue-absence	654	_HMmkK_raxI
1114	PHD99210208	https://madelen.ina.fr/programme/un-visiteur-timide	699	fSOCn_AvMVQ
1115	PHD99212390	https://madelen.ina.fr/programme/la-peau-danne	729	dDRLJamY4YA
1116	PHD99212400	https://madelen.ina.fr/programme/feu-a-volonte	748	xJezX_FyB7w
1117	PHD99212396		741	PvrN8bT7ERA
1118	PHD99215215		780	vmwMjFaS3Tk
1119	PHD99218421		842	GooQorAuVYs
1120	PHD99202327	https://madelen.ina.fr/programme/le-commissaire-fait-parler-la-poudre	606	W94vXKQvXZc
1121	PHD99210202		689	c4qM1AIaGls
1122	PHD99204936	https://madelen.ina.fr/programme/lautre	638	Z932jmrpwmw
1123	PHD99210214		717	Ih5mrttw7IA
1124	PHD99218428		849	td5D-uO8CE0
1125	PHD99202316	https://madelen.ina.fr/programme/mort-dun-gentleman	591	w7QK9NsTsJA
1126	PHD99202322	https://madelen.ina.fr/programme/vingt-ans-de-reclusion	596	NyFX_0HGgeI
1127	PHD99202319	https://madelen.ina.fr/programme/marche-de-dupes	598	Z-Zl4YVZy_0
1128	PHD99204917	https://madelen.ina.fr/programme/le-verre-de-lamitie	612	yzxeEuz8VEU
1129	PHD99204921	https://madelen.ina.fr/programme/grand-mere-et-les-gangsters	618	tQnFNBDG15k
1130	PHD99204922	https://madelen.ina.fr/programme/toute-la-verite	620	H6-ELlw8owo
1131	PHD99204924	https://madelen.ina.fr/programme/qui-a-tue-barbara	622	Stft8FncVkM
1132	PHD99204926	https://madelen.ina.fr/programme/le-corps-du-delit	627	0UM8-kW2L0s
1133	PHD99204927	https://madelen.ina.fr/programme/michel-castres-a-disparu	629	JGHumYnIqdU
1134	PHD99204928	https://madelen.ina.fr/programme/pate-dalouette	631	sBbQipxJBUA
1135	PHD99204929	https://madelen.ina.fr/programme/week-end-mortel	632	EbD2DA71bVo
1136	PHD99215216	https://madelen.ina.fr/programme/limmortelle	782	FEIQJDzl3oI
1137	PHD99215217	https://madelen.ina.fr/programme/la-grande-question	784	QBQUGxBBzEw
1138	PHD99204930	https://madelen.ina.fr/programme/menace-pour-menace	634	J0M3Hr0lg1I
1139	PHD99215227	https://madelen.ina.fr/programme/le-moindre-mal	818	b4RKV4lwe3Y
1140	PHD99215228	https://madelen.ina.fr/programme/un-peu-de-serieux-monsieur-reeves	820	TFDbcAyQoao
1141	PHD99206702	https://madelen.ina.fr/programme/a-dormir-debout	646	Wdalx6l6w6k
1142	PHD99215232	https://madelen.ina.fr/programme/le-cordon-bleu	829	S5aZt_zRYSA
1143	PHD99221263	https://madelen.ina.fr/programme/le-paradis-en-miniature	889	WCX_p7LbGd0
1144	PHD99218416	https://madelen.ina.fr/programme/le-maitre-de-brackley-hills	833	fJPC_vRWACU
1145	PHD99218419	https://madelen.ina.fr/programme/une-amie-denfance	837	u20l9NvqxhE
1146	PHD99218420	https://madelen.ina.fr/programme/depression	840	hnZjALfsfnk
1147	PHD99218422	https://madelen.ina.fr/programme/lanniversaire	844	Hwm9DXc0L64
1148	PHD99218423	https://madelen.ina.fr/programme/la-verite-vraie	845	LXtlIRFENfY
1149	PHD99218427	https://madelen.ina.fr/programme/mon-cadavre-sur-un-plateau	847	MxyR5SYWx7s
1150	PHD99218429	https://madelen.ina.fr/programme/mauvaise-conduite	852	Gfe_oBMmPkM
1151	PHZ07010300	https://madelen.ina.fr/programme/tendres-aveux	854	1fqtftEs9uM
1152	PHD99221269	https://madelen.ina.fr/programme/sortie-de-secours	896	2Zso4KGJ2uc
1153	PHD99223337	https://madelen.ina.fr/programme/la-mort-de-pres	938	os7l5VS1AFk
1154	PHD99223338	https://madelen.ina.fr/programme/le-retour-dafrique	940	G3ny8qan6es
1155	PHD99218431	https://madelen.ina.fr/programme/le-tricheur	864	IbavpSdSm5U
1156	PHD99218432	https://madelen.ina.fr/programme/les-termites	866	ezJFwuRIlA4
1157	PHD99223340	https://madelen.ina.fr/programme/le-mauvais-pas	942	ZQ6G9xIWaIc
1158	PHD99221271	https://madelen.ina.fr/programme/une-de-perdue	901	nrxXLPoVwsM
1159	PHD99221260	https://madelen.ina.fr/programme/le-serpent-ceinture	883	l2qa7HtOV9Q
1160	PHD99223341	https://madelen.ina.fr/programme/le-gout-de-limprevu	945	0sx1y98Whgw
1161	PHD99223346	https://madelen.ina.fr/programme/ce-sacre-leo	948	gxV_y_XmYTc
1162	PHD99221282	https://madelen.ina.fr/programme/la-puce-0	917	HkeQjXQ_lng
1163	PHD99223343	https://madelen.ina.fr/programme/une-question-de-justice	953	qL_IzLwnIHA
1164	PHD99223329	https://madelen.ina.fr/programme/la-boule-de-neige	923	WaCEn2dUnIQ
1165	PHD99223332	https://madelen.ina.fr/programme/la-peau-de-salaud	928	v74KTJY-0mc
1166	PHD99202321	https://madelen.ina.fr/programme/tant-que-je-vivrai	600	onfX8oh_EYg
1167	PHD99202324	https://madelen.ina.fr/programme/soupcons-gratuits	602	L03Lc0e97U0
1168	PHD99202325	https://madelen.ina.fr/programme/crepes-et-chatiment	604	2ookF_SqoHM
1169	PHD99204915	https://madelen.ina.fr/programme/cadavre-a-domicile	608	weeCMf9DAG4
1170	PHD99204919	https://madelen.ina.fr/programme/partie-civile	614	Oo9jIJDlTho
1171	PHD99204920	https://madelen.ina.fr/programme/la-mort-dans-lombre	616	dRG2wUT3HMc
1172	PHD99204925	https://madelen.ina.fr/programme/le-pave-dans-la-mare	624	oygr-7APXXw
1173	PHD99212407	https://madelen.ina.fr/programme/un-homme-de-coeur	774	HzIX_CQwKu0
1174	PHD99212408	https://madelen.ina.fr/programme/lautre-bout-du-fil	775	IK7QQm7O66w
1175	PHD99212409	https://madelen.ina.fr/programme/la-mort-est-injuste	777	bMqR7W7Q6wY
1176	PHD99215219	https://madelen.ina.fr/programme/un-joli-monsieur	787	Inx7yTXiEhU
1177	PHD99215220	https://madelen.ina.fr/programme/avez-vous-un-chat-monsieur-le-commissaire	789	hhTaNYFc28E
1178	PHD99215221	https://madelen.ina.fr/programme/laffreux	791	sEGoof7w7n8
1179	PHD99215222	https://madelen.ina.fr/programme/pardonnez-moi-docteur	794	bmoS5LtgXFg
1180	PHD99215223	https://madelen.ina.fr/programme/la-ceinture-de-securite	796	ssjYxzGsTVw
1181	PHD99215224	https://madelen.ina.fr/programme/affaires-privees-0	798	vktbwTSo2ww
1182	PHD99215225	https://madelen.ina.fr/programme/retour-de-manivelle	800	9qhaHthpZP8
1183	PHD99215226	https://madelen.ina.fr/programme/le-dernier-mot	802	yIeCS3gkQPQ
1184	PHD99204938	https://madelen.ina.fr/programme/sommeil-sans-fin	642	KMukyJWUqkI
1185	PHD99215229	https://madelen.ina.fr/programme/une-mechante-affaire	822	oCQGvWD8hZk
1186	PHD99215230	https://madelen.ina.fr/programme/partie-remise	824	E7Zx7HO0GN0
1187	PHD99215231	https://madelen.ina.fr/programme/lhomme-fini	826	Fsw0HzKrrA4
1188	PHD99217027	https://madelen.ina.fr/programme/succession-bidon	827	EpRNikbOd-E
1189	PHD99206704	https://madelen.ina.fr/programme/croque-sur-le-vif	650	q6wxDlK7n0A
1190	PHD99218414	https://madelen.ina.fr/programme/la-dette	831	GG1RKm9EzLw
1191	PHD99223333	https://madelen.ina.fr/programme/le-secret-des-dieux	930	snZFrw1j24I
1192	PHD99218417	https://madelen.ina.fr/programme/la-mort-du-pere	835	P60JJt-IJgA
1193	PHD99223334	https://madelen.ina.fr/programme/la-monnaie-de-sa-piece	932	_NoFvll6Y1o
1194	PHD99223335	https://madelen.ina.fr/programme/table-rase	934	emo7ceKR2TI
1195	PHD99221266	https://madelen.ina.fr/programme/la-mort-de-lautre	893	A1A4Pb0ao6U
1196	PHD99221267	https://madelen.ina.fr/programme/present-pour-lui		LAmtp530OZ8
1197	PHD99223336	https://madelen.ina.fr/programme/ces-gens-la	936	4bOkR1VhjIw
1198	PHD99221270	https://madelen.ina.fr/programme/lavenir-nest-a-personne	899	wCKif2FnTu4
1199	PHD99223339	https://madelen.ina.fr/programme/le-metier-dans-le-sang-0		u1rs4dSdRes
1200	PHD99218433	https://madelen.ina.fr/programme/il-faut-mourir-a-point	868	9NQg6V9NsXE
1201	PHD99218435	https://madelen.ina.fr/programme/la-partie-civile	869	rq49retx2Kg
1202	PHD99218436	https://madelen.ina.fr/programme/le-charme-mysterieux-des-iles	872	at7-l7sx0c4
1203	PHD99218437	https://madelen.ina.fr/programme/les-demoiselles-de-douarnenez	874	CLx_1SRF2Io
1204	PHD99218439	https://madelen.ina.fr/programme/un-soir-de-demi-brume-0	876	bBmApsTJEvo
1205	PHD99221256	https://madelen.ina.fr/programme/le-telephone-dans-la-nuit	878	LXdRHY_XY_0
1206	PHD99221258	https://madelen.ina.fr/programme/manque-de-coeur	880	kiGTtS9-3tc
1207	PHD99221277	https://madelen.ina.fr/programme/la-meditation-dheloise	903	rr7TysX2W5A
1208	PHD99221261	https://madelen.ina.fr/programme/cuisine-bourgeoise	885	8JTVLFyyNUM
1209	PHD99221262	https://madelen.ina.fr/programme/le-voyage-en-grece	887	mY1RCnECINE
1210	PHD99221278	https://madelen.ina.fr/programme/mauvaise-conduite-0	909	kid72AidglM
1211	PHD99221279	https://madelen.ina.fr/programme/la-grenouille	911	-ICFkbQvm_k
1212	PHD99221280	https://madelen.ina.fr/programme/abus-de-confiance	913	iTfKd8WS4Qg
1213	PHD99223342	https://madelen.ina.fr/programme/un-chatiment-trop-doux	952	4f16_YTquuo
1214	PHD99221283	https://madelen.ina.fr/programme/au-pied-du-mur-0	919	9EYUe0vZJ3g
1215	PHD99221284	https://madelen.ina.fr/programme/les-choses-en-ordre	921	kQ1-Xv5HmJo
1216	PHD99223331	https://madelen.ina.fr/programme/le-trou-de-memoire	925	Mgey9F6Gpf4
1217	PHD99201807	https://madelen.ina.fr/programme/une-erreur-de-jeunesse	562	IQkpEy4lwp0
1218	PHD99201806	https://madelen.ina.fr/programme/dimanche-mortel	563	8HCb-xmp3ew
1219	PHD99201803	https://madelen.ina.fr/programme/interets-et-principal	564	ioevhIhKTmY
1220	PHD99201802	https://madelen.ina.fr/programme/la-cle-sur-la-porte	565	7A_tmga-4SA
1221	PHD99201853	https://madelen.ina.fr/programme/la-seule-issue	566	OnsPtRrD4_g
1222	PHD99202293	https://madelen.ina.fr/programme/la-victime-na-pas-marche	569	3RVtSA5Xj-M
1223	PHD99202295	https://madelen.ina.fr/programme/histoire-de-coeur	571	iExOQxdBLV0
1224	PHD99202297	https://madelen.ina.fr/programme/la-main-lourde	573	vyrT-0dPJz4
1225	PHD99202298	https://madelen.ina.fr/programme/cette-bonne-miss-brown	574	Zn6KjwwbWxI
1226	PHD99202300	https://madelen.ina.fr/programme/le-rendez-vous-de-santa-clara	576	9U96qAwRZdc
1227	PHD99202302	https://madelen.ina.fr/programme/sans-haine-et-sans-crainte	578	MKiIUDGsnCY
1228	PHD99202305	https://madelen.ina.fr/programme/mauvaise-rencontre	582	em1BlzA1YLw
1229	PHD99202307	https://madelen.ina.fr/programme/erreur-sur-la-victime	584	Jqg9-1k17_0
1230	PHD99202311	https://madelen.ina.fr/programme/a-titre-de-provision	586	SLyr0nQO03Q
1231	PHD99206707	https://madelen.ina.fr/programme/le-passe-anterieur	656	48pAm3yoDlQ
1232	PHD99206709	https://madelen.ina.fr/programme/par-peur-du-scandale	658	GcqpHE--JNA
1233	PHD99206711	https://madelen.ina.fr/programme/remise-de-peine	662	7bMdHrW8Zvw
1234	PHD99206712	https://madelen.ina.fr/programme/lechafaudage	664	PEeI9_diwl4
1235	PHD99206714	https://madelen.ina.fr/programme/carte-noire	666	coWSOngMM7I
1236	PHD99206715	https://madelen.ina.fr/programme/des-yeux-pour-voir	667	Wv4zrZ763tw
1237	PHD99206716	https://madelen.ina.fr/programme/le-bateau-de-tante-agathe	671	FMK6voHZF68
1238	PHD99206719	https://madelen.ina.fr/programme/al-capone-est-mort-dans-son-lit	675	ZItnB1Yw09w
1239	PHD99206720	https://madelen.ina.fr/programme/tout-sucre-et-tout-fiel	677	ldLrAqeNgVg
1240	PHD99206721	https://madelen.ina.fr/programme/premeditation	679	IiLJtidGytE
1241	PHD99206723	https://madelen.ina.fr/programme/mensonge-pour-une-nuit-blanche	681	p6th9IB5lgY
1242	PHD99210198	https://madelen.ina.fr/programme/et-le-loup-sortit-du-bois	683	TtyTwbMtHuw
1243	PHD99210200	https://madelen.ina.fr/programme/laraignee	685	A_d1EjpiH9Y
1244	PHD99210201	https://madelen.ina.fr/programme/les-yeux-dans-les-yeux	687	o4l04Qb1s5M
1245	PHD99210203	https://madelen.ina.fr/programme/sous-pli-discret	691	q5cBv580lnE
1246	PHD99210205	https://madelen.ina.fr/programme/instructions-posthumes	693	N6-VbHNV3gA
1247	PHD99210206	https://madelen.ina.fr/programme/la-grande-manoeuvre	695	L3wNgdUcsSQ
1248	PHD99210210	https://madelen.ina.fr/programme/navouez-jamais	701	JZni00RtNQg
1249	PHD99267881	https://madelen.ina.fr/programme/presume-coupable	705	nF4IrcX7Vow
1250	PHD99210212	https://madelen.ina.fr/programme/celle-quon-nattendait-plus	716	Iyu3ZPWwIvc
1251	PHD99210215	https://madelen.ina.fr/programme/connais-tu-le-pays	719	KB_WfIqbysQ
1252	PHD99210216	https://madelen.ina.fr/programme/linstruction	721	Vmuoa_NMGio
1253	PHD99210217	https://madelen.ina.fr/programme/dans-la-gueule-du-loup	723	uKKBcxFLn5M
1254	PHD99210218	https://madelen.ina.fr/programme/qui-veut-la-fin	725	fVDNA5e4K3Q
1255	PHD99210220	https://madelen.ina.fr/programme/question-de-confiance	727	kcXPXVrPQaw
1256	PHD99212391	https://madelen.ina.fr/programme/la-maldonne	731	AUvemfbtZa8
1257	PHD99212392	https://madelen.ina.fr/programme/la-cerise	733	mgPtMCXRYaE
1258	PHD99212393	https://madelen.ina.fr/programme/clefs-en-mains	735	ypiqzSjb3n0
1259	PHD99212397	https://madelen.ina.fr/programme/eve-et-les-pommes	742	kZEq2RiJV-w
1260	PHD99212398	https://madelen.ina.fr/programme/un-amour-de-belle-mere	744	qn38Jo2HVWY
1261	PHD99212399	https://madelen.ina.fr/programme/qui-vient-de-loin	746	hmZqnyAiQOA
1262	PHD99212401	https://madelen.ina.fr/programme/un-pistolet-pour-deux	750	pYggCgyLTVM
1263	PHD99212402	https://madelen.ina.fr/programme/la-visite-imprevue	752	zahTvVw0GJg
1264	PHD99212403	https://madelen.ina.fr/programme/la-parque-bleme	767	-N56fCJByfc
1265	PHD99212404	https://madelen.ina.fr/programme/la-reparation-0	768	Sc9hXDQumZg
1266	PHD99212405	https://madelen.ina.fr/programme/une-longue-nuit	770	7xn30Le5YZA
1267	PHD99212406	https://madelen.ina.fr/programme/la-machination	772	D-EvaBQLBvk
1268	PHD99212394	https://madelen.ina.fr/programme/qui-rira-le-dernier	737	zinlCTMgdjA
1269	PHD99202318	https://madelen.ina.fr/programme/menace-de-mariage	594	z8ZnHI2VW6I
1270	PHD99204935	https://madelen.ina.fr/programme/la-chanson-qui-tue	636	EjwhsuxUyNo
1271	PHD99204937	https://madelen.ina.fr/programme/le-gosse-aux-yeux-fous	640	bCSsPesjnXg
1272	PHD99204916	https://madelen.ina.fr/programme/pour-un-souvenir-denfance	610	kssGZRQI05A
1273	PHD99202304	https://madelen.ina.fr/programme/la-louve	580	CUTyWlgBC3o
1274	PHD99202313	https://madelen.ina.fr/programme/de-leau-sous-les-ponts	587	hJe02DyfR0w
1275	PHD99202309	https://madelen.ina.fr/programme/pas-de-sursis-pour-gracieux	589	_CAyXkcOyTc
1276	PHD99206710	https://madelen.ina.fr/programme/la-preuve	660	sRyJQQheumI
1277	PHD99210207	https://madelen.ina.fr/programme/dix-huit-mois-a-lombre	697	nNv-FeFeOCs
1278	PHD99212395	https://madelen.ina.fr/programme/la-valise-jaune	739	Dg21JHbQNRk
1279	PHD99204939	https://madelen.ina.fr/programme/maitre-jasseron-notaire	644	4u40y6O33xI
1280	PHD99221265	https://madelen.ina.fr/programme/entre-le-marteau-et-lenclume	891	MwwTUzk-R9w
1281	PHD99210211	https://madelen.ina.fr/programme/le-guepier	703	boNpjutdJuU
1282		https://madelen.ina.fr/programme/le-passant-de-saint-sauveur-0	183	jwtbfky-81I
1283		https://madelen.ina.fr/programme/le-secret-de-madame-clapin		lf5tyTb7iYI
1284	PHD88020558-1		554	YpwTEPwAA1E
1285			0	
1286			1	
1287			2	
1288			3	
1289			4	
1290			5	
1291			6	
1292			7	
1293			8	
1294			9	
1295			11	
1296			13	
1297			14	
1298			15	
1299			16	
1300			17	
1301			19	
1302			20	
1303			21	
1304			22	
1305			23	
1306			24	
1307			25	
1308			27	
1309			28	
1310			30	
1311			31	
1312			32	
1313			33	
1314			34	
1315			35	
1316			36	
1317			39	
1318			40	
1319			41	
1320			42	
1321			43	
1322			44	
1323			45	
1324			48	
1325			49	
1326			51	
1327			54	
1328			56	
1329			59	
1330			61	
1331			63	
1332			66	
1333			73	
1334			75	
1335			77	
1336			78	
1337			79	
1338			87	
1339			89	
1340			90	
1341			96	
1342			98	
1343			101	
1344			103	
1345			105	jbto4Ywg058
1346			107	
1347			113	
1348			119	
1349			120	
1350			121	
1351			122	
1352			126	
1353			127	
1354			139	
1355			158	
1356			164	
1357			166	
1358			171	
1359			172	
1360			173	
1361			174	T2o9MdeddIY
1362			175	
1363			176	
1364			188	
1365			321	
1366			801	
1367			871	
